label,size,stat,center,pval,selected
0,4836,4836000000000.0,"[0.5058020726901171, 0.5017029144163881, 0.5012042037658737, 0.4950128934948676, 0.49992701795358424, 0.4947939473556176, 0.5101931591495181, 0.5031017369727054, 0.48637668466890327, 0.5011433853938607, 0.5030287549262873, 0.5058142363645196, 0.4967036442368517, 0.49956210772150056, 0.49614411521432306, 0.5070792585024078, 0.49879579623412695, 0.49361407093854814]",1.0,False
1,3,3000000000.0,"[0.4901960784313726, 0.1372549019607843, 0.2549019607843137, 0.2549019607843137, 0.3137254901960784, 0.15686274509803919, 0.8627450980392156, 0.6862745098039215, 0.7254901960784313, 0.1176470588235294, 0.607843137254902, 0.8431372549019608, 0.39215686274509803, 0.5490196078431372, 0.9215686274509803, 0.4705882352941176, 0.2941176470588235, 0.9215686274509803]",1.0,False
2,4,3999999999.9999995,"[0.8823529411764705, 0.4411764705882352, 0.14705882352941174, 0.5735294117647058, 0.19117647058823528, 0.9117647058823529, 0.1176470588235294, 0.6764705882352942, 0.7058823529411765, 0.7058823529411764, 0.3970588235294117, 0.42647058823529416, 0.25, 0.1323529411764706, 0.7794117647058822, 0.8529411764705882, 0.3088235294117647, 0.5]",1.0,False
3,4,3999999999.9999995,"[0.7058823529411764, 0.6029411764705882, 0.38235294117647056, 0.8529411764705881, 0.36764705882352944, 0.338235294117647, 0.13235294117647056, 0.10294117647058823, 0.25, 0.6470588235294117, 0.6029411764705882, 0.6617647058823529, 0.6764705882352942, 0.8823529411764706, 0.13235294117647056, 0.6323529411764707, 0.8088235294117647, 0.2205882352941176]",1.0,False
4,3,3000000000.0,"[0.25490196078431365, 0.8431372549019608, 0.6274509803921569, 0.2745098039215686, 0.7254901960784313, 0.8627450980392157, 0.019607843137254898, 0.6470588235294117, 0.9215686274509802, 0.35294117647058815, 0.8431372549019608, 0.3137254901960784, 0.07843137254901959, 0.19607843137254902, 0.35294117647058815, 0.6274509803921569, 0.4901960784313726, 0.5686274509803922]",1.0,False
5,3,3000000000.0,"[0.196078431372549, 0.1372549019607843, 0.6274509803921569, 0.9411764705882352, 0.5686274509803922, 0.039215686274509796, 0.2745098039215686, 0.7254901960784313, 0.7843137254901961, 0.7843137254901961, 0.45098039215686275, 0.5294117647058822, 0.2745098039215686, 0.7058823529411763, 0.9019607843137255, 0.6274509803921569, 0.31372549019607837, 0.1176470588235294]",1.0,False
