label,size,stat,center,pval,selected
0,429,2700451.251295345,"[-0.22393717905530272, 0.3820238957325825, 0.034186600861624276, 1.3081148883466223, -0.033432532605633135, -0.06260112051830646, 0.12149516930170257, -0.24945709961280366]",0.6323676323676324,False
1,314,259332560.50382605,"[0.36938086312820456, -0.19132275110659155, 0.37668104793289237, -0.8138890566775304, 0.06880150270853298, 0.1738825342419754, -0.15924913071310565, -0.13009541991127332]",0.4595404595404595,False
