label,size,stat,center,pval,selected
0,340,3675545.2194993827,"[-0.23046519757249145, 0.4132291781044778, 0.10526275812693442, 1.4592770136788078, 0.007448998851803587, -0.05769648515702118, 0.09824177442657481, -0.3069259832734702]",0.5904095904095904,False
1,154,370164535.0279838,"[0.4301426275521412, -0.21097356716660332, 0.45049446265155074, -0.8936584715982855, 0.07454258218233323, 0.20324678826964546, -0.1805228263059558, -0.174297173471269]",0.5464535464535465,False
